model,accuracy,auc_roc,precision,recall,f1
simple_net_catboost,0.8247950819672131,0.889681044287145,0.8245431642652002,0.8247950819672131,0.8245212214569272
simple_net_rf,0.8104508196721312,0.8844316002104871,0.8102331474230378,0.8104508196721312,0.8102999661358224
simple_net_knn,0.8002049180327869,0.8652819507392507,0.7998560007917753,0.8002049180327869,0.799723535403217
simple_net_svm,0.8104508196721312,0.8576242127955729,0.810282283634677,0.8104508196721312,0.8103451288283295
simple_net_logistic,0.7776639344262295,0.8279862843951044,0.7776179167592038,0.7776639344262295,0.7776401053320547
simple_net,0.7264344262295082,0.8036487243468962,0.7293688622804017,0.7264344262295082,0.727072398782245
