model,accuracy,auc_roc,precision,recall,f1
simple_net,0.7264344262295082,0.8036487243468962,0.7293688622804017,0.7264344262295082,0.727072398782245
g