model,accuracy,auc_roc,precision,recall,f1
simple_net_rf,0.8104508196721312,0.8844316002104871,0.8102331474230378,0.8104508196721312,0.8102999661358224
