model,accuracy,auc_roc,precision,recall,f1
simple_net_logistic,0.7776639344262295,0.8279862843951044,0.7776179167592038,0.7776639344262295,0.7776401053320547
