model,accuracy,auc_roc,precision,recall,f1
simple_net_knn,0.8002049180327869,0.8652819507392507,0.7998560007917753,0.8002049180327869,0.799723535403217
