model,accuracy,auc_roc,precision,recall,f1
simple_net_catboost,0.8247950819672131,0.889681044287145,0.8245431642652002,0.8247950819672131,0.8245212214569272
