model,accuracy,auc_roc,precision,recall,f1
simple_net_svm,0.8104508196721312,0.8576242127955729,0.810282283634677,0.8104508196721312,0.8103451288283295
